sample_id,source_path,run_index,attempt,motion_id,item_id,human_label,labeled_at
20260929-163008_case_plan_v5.jsonl:17:1,experiments\case_plan\20260929-163008_case_plan_v5.jsonl,17,1,M09,A1,p,2026-09-29T19:07:02
20260929-163008_case_plan_v5.jsonl:17:1,experiments\case_plan\20260929-163008_case_plan_v5.jsonl,17,1,M09,A2,p,2026-09-29T19:07:02
20260929-163008_case_plan_v5.jsonl:17:1,experiments\case_plan\20260929-163008_case_plan_v5.jsonl,17,1,M09,A3,p,2026-09-29T19:07:02
20260929-163008_case_plan_v5.jsonl:17:1,experiments\case_plan\20260929-163008_case_plan_v5.jsonl,17,1,M09,weighing,p,2026-09-29T19:07:02
20260929-163008_case_plan_v5.jsonl:9:7,experiments\case_plan\20260929-163008_case_plan_v5.jsonl,9,7,M05,A1,p,2026-09-29T19:07:26
20260929-163008_case_plan_v5.jsonl:9:7,experiments\case_plan\20260929-163008_case_plan_v5.jsonl,9,7,M05,A2,p,2026-09-29T19:07:26
20260929-163008_case_plan_v5.jsonl:9:7,experiments\case_plan\20260929-163008_case_plan_v5.jsonl,9,7,M05,weighing,p,2026-09-29T19:07:26
20260929-163008_case_plan_v5.jsonl:9:1,experiments\case_plan\20260929-163008_case_plan_v5.jsonl,9,1,M05,A1,p,2026-09-29T19:07:49
20260929-163008_case_plan_v5.jsonl:9:1,experiments\case_plan\20260929-163008_case_plan_v5.jsonl,9,1,M05,A2,p,2026-09-29T19:07:49
20260929-163008_case_plan_v5.jsonl:9:1,experiments\case_plan\20260929-163008_case_plan_v5.jsonl,9,1,M05,weighing,p,2026-09-29T19:07:49
20260929-163008_case_plan_v5.jsonl:9:4,experiments\case_plan\20260929-163008_case_plan_v5.jsonl,9,4,M05,A1,p,2026-09-29T19:08:08
20260929-163008_case_plan_v5.jsonl:9:4,experiments\case_plan\20260929-163008_case_plan_v5.jsonl,9,4,M05,A2,p,2026-09-29T19:08:08
20260929-163008_case_plan_v5.jsonl:9:4,experiments\case_plan\20260929-163008_case_plan_v5.jsonl,9,4,M05,weighing,p,2026-09-29T19:08:08
20260929-163008_case_plan_v5.jsonl:7:1,experiments\case_plan\20260929-163008_case_plan_v5.jsonl,7,1,M04,A1,p,2026-09-29T19:08:32
20260929-163008_case_plan_v5.jsonl:7:1,experiments\case_plan\20260929-163008_case_plan_v5.jsonl,7,1,M04,A2,p,2026-09-29T19:08:32
20260929-163008_case_plan_v5.jsonl:7:1,experiments\case_plan\20260929-163008_case_plan_v5.jsonl,7,1,M04,A3,p,2026-09-29T19:08:32
20260929-163008_case_plan_v5.jsonl:7:1,experiments\case_plan\20260929-163008_case_plan_v5.jsonl,7,1,M04,weighing,p,2026-09-29T19:08:32
20260929-163008_case_plan_v5.jsonl:4:1,experiments\case_plan\20260929-163008_case_plan_v5.jsonl,4,1,M03,A1,u,2026-09-29T19:09:01
20260929-163008_case_plan_v5.jsonl:4:1,experiments\case_plan\20260929-163008_case_plan_v5.jsonl,4,1,M03,A2,u,2026-09-29T19:09:01
20260929-163008_case_plan_v5.jsonl:4:1,experiments\case_plan\20260929-163008_case_plan_v5.jsonl,4,1,M03,A3,u,2026-09-29T19:09:01
20260929-163008_case_plan_v5.jsonl:4:1,experiments\case_plan\20260929-163008_case_plan_v5.jsonl,4,1,M03,weighing,u,2026-09-29T19:09:01
