hit_id,source_path,run_index,attempt,field,group,phrase,label,sentence,labeled_at
20260927-092737_case_plan_v3.jsonl:3:1:arguments[0].impact:chứng minh,experiments\case_plan\20260927-092737_case_plan_v3.jsonl,3,1,arguments[0].impact,ai_fields,chứng minh,n,"Kết quả là giảm công bằng trong tuyển sinh, học sinh có năng lực nhưng không có cơ hội chứng minh qua tiêu chuẩn chung sẽ bị thiệt thòi.",2026-09-27T12:24:04
20260927-092737_case_plan_v3.jsonl:8:1:anticipated_opponent_arguments[0].planned_response:nghiên cứu,experiments\case_plan\20260927-092737_case_plan_v3.jsonl,8,1,anticipated_opponent_arguments[0].planned_response,ai_fields,nghiên cứu,a,"thực tế, kỹ năng quản lý thời gian được cải thiện qua việc làm, và một số nghiên cứu (không nêu cụ thể) cho thấy sinh viên làm thêm không có xu hướng điểm số giảm nếu thời gian làm việc được giới hạn hợp lý.",2026-09-27T12:24:43
20260927-092737_case_plan_v3.jsonl:9:1:arguments[0].reasoning:nghiên cứu,experiments\case_plan\20260927-092737_case_plan_v3.jsonl,9,1,arguments[0].reasoning,ai_fields,nghiên cứu,n,"Khi phải làm việc thêm, sinh viên phải dành phần lớn thời gian cho việc đi lại, làm việc và nghỉ ngơi, do đó thời gian dành cho đọc sách, làm bài tập, tham gia các buổi học bổ trợ và nghiên cứu giảm đi đáng kể, dẫn đến khả năng nắm bắt kiến thức kém hơn.",2026-09-27T12:26:04
20260927-092737_case_plan_v3.jsonl:9:1:anticipated_opponent_arguments[1].planned_response:nghiên cứu,experiments\case_plan\20260927-092737_case_plan_v3.jsonl,9,1,anticipated_opponent_arguments[1].planned_response,ai_fields,nghiên cứu,n,"Chúng tôi sẽ chỉ ra rằng kinh nghiệm thực tiễn có thể được tích lũy thông qua các chương trình thực tập, dự án nghiên cứu, hoặc hoạt động ngoại khóa được thiết kế đặc thù cho sinh viên, mà không cần phải hi sinh thời gian học tập và sức khỏe.",2026-09-27T12:27:22
20260927-092737_case_plan_v3.jsonl:10:1:anticipated_opponent_arguments[1].planned_response:chứng minh,experiments\case_plan\20260927-092737_case_plan_v3.jsonl,10,1,anticipated_opponent_arguments[1].planned_response,ai_fields,chứng minh,n,thí điểm có thể chứng minh tính khả thi.,2026-09-27T12:27:52
20260927-092737_case_plan_v3.jsonl:12:1:arguments[0].example:%,experiments\case_plan\20260927-092737_case_plan_v3.jsonl,12,1,arguments[0].example,ai_fields,%,n,"Giả sử ở Hà Nội, trong giờ cao điểm các con đường chính có khoảng 30% là xe máy.",2026-09-27T12:29:04
20260927-092737_case_plan_v3.jsonl:13:1:arguments[2].example:%,experiments\case_plan\20260927-092737_case_plan_v3.jsonl,13,1,arguments[2].example,ai_fields,%,n,"Giả sử cơ quan quản lý thành phố triển khai lệnh cấm, nhưng 70% xe máy vẫn lưu thông vào ban đêm mà không có giấy tờ, gây ra tai nạn và khó kiểm soát.",2026-09-27T12:29:29
20260927-092737_case_plan_v3.jsonl:16:1:arguments[2].example:%,experiments\case_plan\20260927-092737_case_plan_v3.jsonl,16,1,arguments[2].example,ai_fields,%,n,"Giả sử 1.000 sinh viên quyết định ở lại các tỉnh, nhu cầu thuê nhà ở Hà Nội giảm, giá thuê nhà hạ 10% và giao thông giảm ùn tắc trong giờ cao điểm.",2026-09-27T12:29:42
20260927-092737_case_plan_v3.jsonl:17:1:arguments[1].reasoning:nghiên cứu,experiments\case_plan\20260927-092737_case_plan_v3.jsonl,17,1,arguments[1].reasoning,ai_fields,nghiên cứu,n,"Các thành phố lớn có các trường đại học, trung tâm nghiên cứu, vườn ươm khởi nghiệp và các sự kiện kết nối doanh nghiệp, tạo ra môi trường tương tác và chia sẻ kiến thức nhanh chóng.",2026-09-27T12:30:41
20260927-092737_case_plan_v3.jsonl:18:1:arguments[0].example:%,experiments\case_plan\20260927-092737_case_plan_v3.jsonl,18,1,arguments[0].example,ai_fields,%,n,"Giả sử một cửa hàng bán nước ngọt tăng giá 20% vì thuế cao, học sinh trung học sẽ mua ít hơn và chuyển sang uống nước lọc hoặc trà không đường.",2026-09-27T12:30:44
20260927-092737_case_plan_v3.jsonl:19:2:arguments[0].example:%,experiments\case_plan\20260927-092737_case_plan_v3.jsonl,19,2,arguments[0].example,ai_fields,%,n,"Giả sử một gia đình thu nhập thấp ở miền Trung mua 2 lít nước ngọt mỗi tuần, thuế tăng 30% sẽ làm chi phí tăng khoảng 30.000 VND, chiếm hơn 5% thu nhập hàng tuần của họ.",2026-09-27T12:30:46
20260927-092737_case_plan_v3.jsonl:19:2:arguments[1].example:%,experiments\case_plan\20260927-092737_case_plan_v3.jsonl,19,2,arguments[1].example,ai_fields,%,n,"Giả sử sau khi thuế tăng, các quán vỉa hè ở Hà Nội bắt đầu bán nước ngọt tự pha với giá 20 % rẻ hơn so với sản phẩm đóng gói, không qua kiểm soát chất lượng.",2026-09-27T12:30:47
20260927-092737_case_plan_v3.jsonl:19:2:arguments[2].example:%,experiments\case_plan\20260927-092737_case_plan_v3.jsonl,19,2,arguments[2].example,ai_fields,%,n,"Giả sử một người tiêu dùng trung niên ở Hà Nội vẫn mua một lon nước ngọt thương hiệu yêu thích mỗi ngày dù giá tăng 30%, vì họ xem đó là phần không thể thiếu trong sinh hoạt.",2026-09-27T12:30:48
20260927-094713_case_plan_v4.jsonl:2:1:arguments[1].example:nghiên cứu,experiments\case_plan\20260927-094713_case_plan_v4.jsonl,2,1,arguments[1].example,ai_fields,nghiên cứu,n,"Giả sử một học sinh được đánh giá qua các dự án nhóm, báo cáo nghiên cứu và tham gia hoạt động cộng đồng trong suốt năm học.",2026-09-27T12:33:41
20260927-094713_case_plan_v4.jsonl:8:1:anticipated_opponent_arguments[0].planned_response:chứng minh,experiments\case_plan\20260927-094713_case_plan_v4.jsonl,8,1,anticipated_opponent_arguments[0].planned_response,ai_fields,chứng minh,a,"kỹ năng quản lý thời gian được cải thiện, và nhiều sinh viên đã chứng minh khả năng duy trì thành tích học tập tốt đồng thời làm thêm.",2026-09-27T12:34:10
20260927-094713_case_plan_v4.jsonl:9:1:arguments[1].reasoning:nghiên cứu,experiments\case_plan\20260927-094713_case_plan_v4.jsonl,9,1,arguments[1].reasoning,ai_fields,nghiên cứu,n,"Thời gian trong đại học là thời gian quan trọng để tham gia các dự án, thực tập, câu lạc bộ, nghiên cứu;",2026-09-29T11:22:16
20260927-094713_case_plan_v4.jsonl:10:1:anticipated_opponent_arguments[1].planned_response:chứng minh,experiments\case_plan\20260927-094713_case_plan_v4.jsonl,10,1,anticipated_opponent_arguments[1].planned_response,ai_fields,chứng minh,n,"Đề xuất mô hình xoay ca hoặc áp dụng tuần 4 ngày cho các bộ phận không trực tiếp sản xuất, đồng thời chứng minh rằng việc sắp xếp ca linh hoạt vẫn duy trì năng lực sản xuất.",2026-09-29T11:22:52
20260927-094713_case_plan_v4.jsonl:11:1:arguments[2].example:%,experiments\case_plan\20260927-094713_case_plan_v4.jsonl,11,1,arguments[2].example,ai_fields,%,n,"Khi chuyển sang 4 ngày, chủ cửa hàng phải trả tiền làm thêm giờ cho mỗi nhân viên hoặc thuê thêm người để duy trì mở cửa suốt 7 ngày, làm tăng chi phí lên 30% so với trước.",2026-09-29T11:23:19
20260927-094713_case_plan_v4.jsonl:12:1:arguments[0].example:%,experiments\case_plan\20260927-094713_case_plan_v4.jsonl,12,1,arguments[0].example,ai_fields,%,n,"số lượng phương tiện trên các đường này giảm khoảng 30 % so với hiện trạng, thời gian di chuyển trung bình giảm từ 25 phút xuống còn 18 phút.",2026-09-29T11:23:21
20260927-094713_case_plan_v4.jsonl:12:1:arguments[1].example:%,experiments\case_plan\20260927-094713_case_plan_v4.jsonl,12,1,arguments[1].example,ai_fields,%,n,"Giả sử khu vực trung tâm Đà Nẵng thực hiện cấm xe máy và số xe máy giảm 40 %, các trạm quan trắc không khí ghi nhận chỉ số AQI trung bình giảm khoảng 10 điểm so với mức trước khi cấm.",2026-09-29T11:23:22
20260927-094713_case_plan_v4.jsonl:17:1:arguments[0].example:chuyên gia,experiments\case_plan\20260927-094713_case_plan_v4.jsonl,17,1,arguments[0].example,ai_fields,chuyên gia,n,"Giả sử một sinh viên mới tốt nghiệp ngành công nghệ thông tin chuyển đến Hà Nội, anh ấy sẽ được mời tham gia các buổi workshop của các công ty công nghệ lớn và dễ dàng gặp gỡ các chuyên gia trong lĩnh vực.",2026-09-29T11:23:47
20260927-094713_case_plan_v4.jsonl:18:1:arguments[0].example:%,experiments\case_plan\20260927-094713_case_plan_v4.jsonl,18,1,arguments[0].example,ai_fields,%,n,"khi thuế làm giá lên 30% so với trước, chi phí mua nước ngọt tăng đáng kể, người này sẽ mua ít hơn hoặc chuyển sang nước lọc.",2026-09-29T11:23:48
20260927-094713_case_plan_v4.jsonl:18:1:arguments[1].example:%,experiments\case_plan\20260927-094713_case_plan_v4.jsonl,18,1,arguments[1].example,ai_fields,%,n,Giả sử doanh thu thuế từ đồ uống có đường đạt 5% GDP và trong đó 30% được dùng để tài trợ các chương trình giáo dục dinh dưỡng và khám bệnh miễn phí cho người dân.,2026-09-29T11:23:49
20260927-094713_case_plan_v4.jsonl:19:1:definitions[1].meaning:%,experiments\case_plan\20260927-094713_case_plan_v4.jsonl,19,1,definitions[1].meaning,ai_fields,%,n,Mức thuế suất được áp dụng lên giá bán của đồ uống có đường đủ lớn để làm tăng giá bán lẻ ít nhất 20% so với mức hiện tại.,2026-09-29T11:23:50
20260927-094713_case_plan_v4.jsonl:19:1:arguments[0].example:%,experiments\case_plan\20260927-094713_case_plan_v4.jsonl,19,1,arguments[0].example,ai_fields,%,n,"Khi thuế tăng 30% giá, chi phí này lên 260.000 đồng, chiếm 5,2% thu nhập thay vì 4% trước đây.",2026-09-29T11:23:50
20260927-094713_case_plan_v4.jsonl:19:1:arguments[1].example:%,experiments\case_plan\20260927-094713_case_plan_v4.jsonl,19,1,arguments[1].example,ai_fields,%,n,"Giả sử một nhóm người bán nước ngọt tự chế tại các khu chợ địa phương, không chịu thuế và bán với giá 15% thấp hơn so với sản phẩm có thuế, thu hút nhiều khách hàng.",2026-09-29T11:23:50
20260927-094713_case_plan_v4.jsonl:19:1:arguments[2].example:%,experiments\case_plan\20260927-094713_case_plan_v4.jsonl,19,1,arguments[2].example,ai_fields,%,n,"Dù giá tăng 25%, học sinh này vẫn mua vì cảm thấy không thể học tập hiệu quả nếu không uống.",2026-09-29T11:23:51
20260927-094713_case_plan_v4.jsonl:19:1:anticipated_opponent_arguments[2].planned_response:nghiên cứu,experiments\case_plan\20260927-094713_case_plan_v4.jsonl,19,1,anticipated_opponent_arguments[2].planned_response,ai_fields,nghiên cứu,n,"Chỉ ra rằng các doanh nghiệp có thể hấp thụ chi phí tăng lên để duy trì thị phần thay vì giảm đường, và rằng thay đổi công thức đòi hỏi thời gian và chi phí nghiên cứu, không đảm bảo sẽ xảy ra chỉ nhờ thuế.",2026-09-29T11:24:07
20260929-163008_case_plan_v5.jsonl:7:1:definitions[0].meaning:chuyên gia,experiments\case_plan\20260929-163008_case_plan_v5.jsonl,7,1,definitions[0].meaning,ai_fields,chuyên gia,n,"Hoạt động giáo dục ngoài thời gian và chương trình học chính quy, do giáo viên hoặc chuyên gia tổ chức nhằm bổ sung kiến thức, kỹ năng cho học sinh.",2026-09-29T20:13:20
20260929-163008_case_plan_v5.jsonl:11:1:arguments[0].impact:%,experiments\case_plan\20260929-163008_case_plan_v5.jsonl,11,1,arguments[0].impact,ai_fields,%,n,"Sản lượng giảm 20% so với mức trước, lỗi sản phẩm tăng, dẫn đến mất khách hàng và doanh thu giảm.",2026-09-29T20:19:58
20260929-163008_case_plan_v5.jsonl:11:1:arguments[1].impact:%,experiments\case_plan\20260929-163008_case_plan_v5.jsonl,11,1,arguments[1].impact,ai_fields,%,a,"Chi phí hoạt động tăng khoảng 15% so với mô hình 5 ngày, làm giảm lợi nhuận và khả năng cạnh tranh của doanh nghiệp.",2026-09-29T20:20:02
20260929-163008_case_plan_v5.jsonl:17:1:arguments[1].reasoning:nghiên cứu,experiments\case_plan\20260929-163008_case_plan_v5.jsonl,17,1,arguments[1].reasoning,ai_fields,nghiên cứu,n,"Các trung tâm nghiên cứu, hội thảo, sự kiện khởi nghiệp và cộng đồng doanh nghiệp thường tập trung ở đô thị, tạo điều kiện cho việc gặp gỡ, học hỏi và hợp tác với các chuyên gia trong cùng lĩnh vực.",2026-09-29T20:20:07
20260929-163008_case_plan_v5.jsonl:17:1:arguments[1].reasoning:chuyên gia,experiments\case_plan\20260929-163008_case_plan_v5.jsonl,17,1,arguments[1].reasoning,ai_fields,chuyên gia,n,"Các trung tâm nghiên cứu, hội thảo, sự kiện khởi nghiệp và cộng đồng doanh nghiệp thường tập trung ở đô thị, tạo điều kiện cho việc gặp gỡ, học hỏi và hợp tác với các chuyên gia trong cùng lĩnh vực.",2026-09-29T20:20:16
20260929-163008_case_plan_v5.jsonl:17:3:arguments[1].example:chuyên gia,experiments\case_plan\20260929-163008_case_plan_v5.jsonl,17,3,arguments[1].example,ai_fields,chuyên gia,n,"Giả sử một nhà thiết kế đồ họa ở thành phố thường xuyên tham dự các buổi workshop do các công ty thiết kế tổ chức, gặp gỡ các chuyên gia và nhận phản hồi trực tiếp, trong khi ở quê hương chỉ có một lớp học vẽ cơ bản mỗi tháng.",2026-09-29T20:20:21
20260929-163008_case_plan_v5.jsonl:17:3:arguments[1].impact:chuyên gia,experiments\case_plan\20260929-163008_case_plan_v5.jsonl,17,3,arguments[1].impact,ai_fields,chuyên gia,n,"Việc tiếp xúc thường xuyên với các chuyên gia và dự án thực tế giúp người trẻ nâng cao năng lực, tăng khả năng thăng tiến và tạo ra giá trị kinh tế lớn hơn cho bản thân và xã hội.",2026-09-29T20:20:23
20260927-092737_case_plan_v3.jsonl:19:2:anticipated_opponent_arguments[2].learner_claim:Các quốc gia đã áp dụng,experiments\case_plan\20260927-092737_case_plan_v3.jsonl,19,2,anticipated_opponent_arguments[2].learner_claim,learner_claim,Các quốc gia đã áp dụng,l,"Các quốc gia đã áp dụng thuế đường và chứng kiến giảm tiêu thụ, vì vậy Việt Nam nên theo mô hình này.",2026-09-29T20:25:26
